@@##Write Time:10052024 055404 ,
Voucher / Coupon No,Referral Sales Person
test123,
test124,
test125,
test126,
test127,
test128,
test129,
test130,
test131,
test132,
test133,
test134,
test135,
test136,
test137,
test138,
test139,
test140,
test141,
test142,
test143,
test144,
test145,
test146,
test147,
test148,
test149,
test150,
test151,
test152,
test153,
test154,
test155,
test156,
test157,
test158,
test159,
test160,
test161,
test162,
test163,
test164,
test165,
test166,
test167,
